{
    "name": "5e-Automated-Spells",
    "title": "5e Automated Spells",
    "description": "Automating SRD Spells with MIDI and DAE",
    "version": "1.0.2",
    "author": "Lore Leider",
    "url":"https://github.com/etoy22/5esrd-automated-spells",
    "minimumCoreVersion": "0.8.6",
    "compatibleCoreVersion": "9",
    "packs": [
		{
            "name": "automated-spells",
            "label": "SRD Automated Spells",
            "path": "./packs/automated-spells.db",
            "entity": "Item"
        }
    ],
    "manifest": "https://github.com/etoy22/5esrd-Automated-Spells/releases/latest/download/module.json",
    "download": "https://github.com/etoy22/5esrd-Automated-Spells/releases/latest/download/module.zip"
}
